Round,Average,Calibration
0,24.736845075180742,Excellent calibration
1,477.93679247446624,Poor calibration
2,582.4690575711843,Poor calibration
3,595.4711662223015,Poor calibration
